Gene,RefSeq Transcript ID,Genomic Change,cDNA Change,Protein Impact
BRCA1,NM_007294.3,,c.-19-115T>C,
BRCA1,NM_007294.3,,c.-19-85_-19-81delCTTTA,
BRCA1,NM_007294.3,,c.-19-22_-21dupAT,
BRCA1,NM_007294.3,,c.-19-10T>C,
BRCA1,NM_007294.3,,c.75C>T,p.(Pro25=)
BRCA1,NM_007294.3,,c.81-65G>C,
BRCA1,NM_007294.3,,c.114G>A,p.(Lys38=)
BRCA1,NM_007294.3,,c.212+23T>A,
BRCA1,NM_007294.3,,c.135-100G>A,
BRCA1,NM_007294.3,,c.302-55A>G,
BRCA1,NM_007294.3,,c.441+36_49del14,
BRCA1,NM_007294.3,,c.314A>G,p.(Tyr105Cys)
BRCA1,NM_007294.3,,c.442-34C>T,
BRCA1,NM_007294.3,,c.548-58delT,
BRCA1,NM_007294.3,,c.591C>T,p.(Cys197=)
BRCA1,NM_007294.3,,c.736T>G,p.(Leu246Val)
BRCA1,NM_007294.3,,c.823G>A,p.(Gly275Ser)
BRCA1,NM_007294.3,,c.1001C>T,p.(Pro334Leu)
BRCA1,NM_007294.3,,c.1065G>A,p.(Lys355=)
BRCA1,NM_007294.3,,c.1067A>G,p.(Gln356Arg)
BRCA1,NM_007294.3,,c.1137T>G,p.(Ile379Met)
BRCA1,NM_007294.3,,c.1487G>A,p.(Arg496His)
BRCA1,NM_007294.3,,c.1971A>G,p.(Gln657=)
BRCA1,NM_007294.3,,c.2077G>A,p.(Asp693Asn)
BRCA1,NM_007294.3,,c.2082C>T,p.(Ser694=)
BRCA1,NM_007294.3,,c.2311T>C,p.(Leu771=)
BRCA1,NM_007294.3,,c.2315T>C,p.(Val772Ala)
BRCA1,NM_007294.3,,c.2458A>G,p.(Lys820Glu)
BRCA1,NM_007294.3,,c.2521C>T,p.(Arg841Trp)
BRCA1,NM_007294.3,,c.2596C>T,p.(Arg866Cys)
BRCA1,NM_007294.3,,c.2612C>T,p.(Pro871Leu)
BRCA1,NM_007294.3,,c.2814A>G,p.(Pro938=)
BRCA1,NM_007294.3,,c.3022A>G,p.(Met1008Val)
BRCA1,NM_007294.3,,c.3024G>A,p.(Met1008Ile)
BRCA1,NM_007294.3,,c.3113A>G,
BRCA1,NM_007294.3,,c.3119G>A,p.(Ser1040Asn)
BRCA1,NM_007294.3,,c.3296C>T,p.(Pro1099Leu)
BRCA1,NM_007294.3,,c.3418A>G,p.(Ser1140Gly)
BRCA1,NM_007294.3,,c.3548A>G,p.(Lys1183Arg)
BRCA1,NM_007294.3,,c.3600G>T,p.(Gln1200His)
BRCA1,NM_007294.3,,c.3600G>C,p.(Gln1200His)
BRCA1,NM_007294.3,,c.3708T>G,p.(Asn1236Lys)
BRCA1,NM_007294.3,,c.3748G>A,p.(Glu1250Lys)
BRCA1,NM_007294.3,,c.3783A>G,p.(Leu1261=)
BRCA1,NM_007294.3,,c.3918G>C,p.(Leu1306Phe)
BRCA1,NM_007294.3,,c.4018T>C,p.(Leu1340=)
BRCA1,NM_007294.3,,c.4039A>G,p.(Arg1347Gly)
BRCA1,NM_007294.3,,c.4074G>A,p.(Glu1358=)
BRCA1,NM_007294.3,,c.4185+12_4185+13delGT,
BRCA1,NM_007294.3,,c.4308T>C,p.(Ser1436=)
BRCA1,NM_007294.3,,c.4347A>G,p.(Thr1449=)
BRCA1,NM_007294.3,,c.4357+117G>A,
BRCA1,NM_007294.3,,c.4358-10C>T,
BRCA1,NM_007294.3,,c.4485-137T>A,
BRCA1,NM_007294.3,,c.4485-63C>G,
BRCA1,NM_007294.3,,c.4535G>T,p.(Ser1512Ile)
BRCA1,NM_007294.3,,c.4600G>A,
BRCA1,NM_007294.3,,c.4691T>C,p.(Leu1564Pro)
BRCA1,NM_007294.3,,c.4812A>G,p.(Gln1604=)
BRCA1,NM_007294.3,,c.4837A>G,p.(Ser1613Gly)
BRCA1,NM_007294.3,,c.4840C>T,p.(Pro1614Ser)
BRCA1,NM_007294.3,,c.4883T>C,p.(Met1628Thr)
BRCA1,NM_007294.3,,c.4956G>A,p.(Met1652Ile)
BRCA1,NM_007294.3,,c.4986+222A>G,
BRCA1,NM_007294.3,,c.4987-92A>G,
BRCA1,NM_007294.3,,c.4987-68A>G,
BRCA1,NM_007294.3,,c.4987-20A>G,
BRCA1,NM_007294.3,,c.5075-53C>T,
BRCA1,NM_007294.3,,c.5113C>T,p.(Leu1705=)
BRCA1,NM_007294.3,,c.5152+66G>A,
BRCA1,NM_007294.3,,c.5152+85delT,
BRCA1,NM_007294.3,,c.5406+8T>C,
BRCA1,NM_007294.3,,c.5407-193A>G,
BRCA1,NM_007294.3,,c.5468-10C>A,
BRCA1,NM_007294.3,,c.*36C>G,
BRCA2,NM_000059.3,,c.-52A>G,
BRCA2,NM_000059.3,,c.-26G>A,
BRCA2,NM_000059.3,,c.67+62T>G,
BRCA2,NM_000059.3,,c.125A>G,p.(Tyr42Cys)
BRCA2,NM_000059.3,,c.223G>C,p.(Ala75Pro)
BRCA2,NM_000059.3,,c.324T>C,p.(Asn108=)
BRCA2,NM_000059.3,,c.425+67A>C,
BRCA2,NM_000059.3,,c.426-89T>C,
BRCA2,NM_000059.3,,c.516+21A>T,
BRCA2,NM_000059.3,,c.517-19C>T,
BRCA2,NM_000059.3,,c.631+183T>A,
BRCA2,NM_000059.3,,c.681+56C>T,
BRCA2,NM_000059.3,,c.682-107G>T,
BRCA2,NM_000059.3,,c.794-172G>C,
BRCA2,NM_000059.3,,c.865A>C,p.(Asn289His)
BRCA2,NM_000059.3,,c.978C>A,p.(Ser326Arg)
BRCA2,NM_000059.3,,c.1114A>C,p.(Asn372His)
BRCA2,NM_000059.3,,c.1151C>T,p.(Ser384Phe)
BRCA2,NM_000059.3,,c.1275A>G,
BRCA2,NM_000059.3,,c.1365A>G,p.(Ser455=)
BRCA2,NM_000059.3,,c.1514T>C,p.(Ile505Thr)
BRCA2,NM_000059.3,,c.1538A>G,p.(Lys513Arg)
BRCA2,NM_000059.3,,c.1786G>C,p.(Asp596His)
BRCA2,NM_000059.3,,c.1788T>C,
BRCA2,NM_000059.3,,c.1792A>G,p.(Thr598Ala)
BRCA2,NM_000059.3,,c.1909+22delT,
BRCA2,NM_000059.3,,c.1910-74T>C,
BRCA2,NM_000059.3,,c.1910-51G>T,
BRCA2,NM_000059.3,,c.1938C>T,p.(Ser646=)
BRCA2,NM_000059.3,,c.1964C>G,p.(Pro655Arg)
BRCA2,NM_000059.3,,c.2229T>C,p.(His743=)
BRCA2,NM_000059.3,,c.2350A>G,p.(Met784Val)
BRCA2,NM_000059.3,,c.2538A>C,p.(Ser846=)
BRCA2,NM_000059.3,,c.2680G>A,p.(Val894Ile)
BRCA2,NM_000059.3,,c.2786T>C,p.(Leu929Ser)
BRCA2,NM_000059.3,,c.2803G>A,p.(Asp935Asn)
BRCA2,NM_000059.3,,c.2883G>A,p.(Gln961=)
BRCA2,NM_000059.3,,c.2926_2927TC>AT,p.(Ser976Ile)
BRCA2,NM_000059.3,,c.2957A>G,p.(Asn986Ser)
BRCA2,NM_000059.3,,c.2960A>T,p.(Asn987Ile)
BRCA2,NM_000059.3,,c.2971A>G,p.(Asn991Asp)
BRCA2,NM_000059.3,,c.3264T>C,p.(Pro1088=)
BRCA2,NM_000059.3,,c.3396A>G,p.(Lys1132=)
BRCA2,NM_000059.3,,c.3516G>A,p.(Ser1172=)
BRCA2,NM_000059.3,,c.3581G>A,p.(Gly1194Asp)
BRCA2,NM_000059.3,,c.3807T>C,p.(Val1269=)
BRCA2,NM_000059.3,,c.3869G>A,p.(Cys1290Tyr)
BRCA2,NM_000059.3,,c.4068G>A,p.(Leu1356=)
BRCA2,NM_000059.3,,c.4187A>G,p.(Gln1396Arg)
BRCA2,NM_000059.3,,c.4241C>T,p.(Thr1414Met)
BRCA2,NM_000059.3,,c.4258G>T,p.(Asp1420Tyr)
BRCA2,NM_000059.3,,c.4563G>A,p.(Leu1521=)
BRCA2,NM_000059.3,,c.4585G>A,p.(Gly1529Arg)
BRCA2,NM_000059.3,,c.4656T>C,p.(Gly1552=)
BRCA2,NM_000059.3,,c.4681C>A,p.(His1561Asn)
BRCA2,NM_000059.3,,c.5198C>T,p.(Ser1733Phe)
BRCA2,NM_000059.3,,c.5199C>T,p.(Ser1733=)
BRCA2,NM_000059.3,,c.5312G>A,p.(Gly1771Asp)
BRCA2,NM_000059.3,,c.5418A>G,p.(Glu1806=)
BRCA2,NM_000059.3,,c.5704G>A,p.(Asp1902Asn)
BRCA2,NM_000059.3,,c.5744C>T,p.(Thr1915Met)
BRCA2,NM_000059.3,,c.5785A>G,p.(Ile1929Val)
BRCA2,NM_000059.3,,c.5962G>A,p.(Val1988Ile)
BRCA2,NM_000059.3,,c.6100C>T,p.(Arg2034Cys)
BRCA2,NM_000059.3,,c.6220C>A,p.(His2074Asn)
BRCA2,NM_000059.3,,c.6323G>A,p.(Arg2108His)
BRCA2,NM_000059.3,,c.6347A>G,p.(His2116Arg)
BRCA2,NM_000059.3,,c.6412G>T,p.(Val2138Phe)
BRCA2,NM_000059.3,,c.6513C>G,p.(Val2171=)
BRCA2,NM_000059.3,,c.6938-120C>T,
BRCA2,NM_000059.3,,c.7008-62A>G,
BRCA2,NM_000059.3,,c.7017G>C,p.(Lys2339Asn)
BRCA2,NM_000059.3,,c.7242A>G,p.(Ser2414=)
BRCA2,NM_000059.3,,c.7319A>G,p.(His2440Arg)
BRCA2,NM_000059.3,,c.7397C>T,p.(Ala2466Val)
BRCA2,NM_000059.3,,c.7435+53C>T,
BRCA2,NM_000059.3,,c.7469T>C,p.Ile2490Thr
BRCA2,NM_000059.3,,c.7544C>T,p.(Thr2515Ile)
BRCA2,NM_000059.3,,c.7618-183A>G,
BRCA2,NM_000059.3,,c.7626G>A,p.(Thr2542=)
BRCA2,NM_000059.3,,c.7805+6C>G,
BRCA2,NM_000059.3,,c.7806-40A>G,
BRCA2,NM_000059.3,,c.7806-14T>C,
BRCA2,NM_000059.3,,c.7976+57G>C,
BRCA2,NM_000059.3,,c.7994A>G,p.(Asp2665Gly)
BRCA2,NM_000059.3,,c.8149G>T,p.(Ala2717Ser)
BRCA2,NM_000059.3,,c.8182G>A,p.(Val2728Ile)
BRCA2,NM_000059.3,,c.8182G>C,p.(Val2728Leu)
BRCA2,NM_000059.3,,c.8332-249A>G,
BRCA2,NM_000059.3,,c.8460A>C,p.(Val2820=)
BRCA2,NM_000059.3,,c.8487+47C>T,
BRCA2,NM_000059.3,,c.8503T>C,p.(Ser2835Pro)
BRCA2,NM_000059.3,,c.8567A>C,p.(Glu2856Ala)
BRCA2,NM_000059.3,,c.8632+132dupC,
BRCA2,NM_000059.3,,c.8755-66T>C,
BRCA2,NM_000059.3,,c.8830A>T,p.(Ile2944Phe)
BRCA2,NM_000059.3,,c.8850G>T,p.(Lys2950Asn)
BRCA2,NM_000059.3,,c.8851G>A,p.(Ala2951Thr)
BRCA2,NM_000059.3,,c.8953+98C>T,
BRCA2,NM_000059.3,,c.9038C>T,p.(Thr3013Ile)
BRCA2,NM_000059.3,,c.9257-143T>A,
BRCA2,NM_000059.3,,c.9257-113T>G,
BRCA2,NM_000059.3,,c.9257-83G>A,
BRCA2,NM_000059.3,,c.9257-16T>C,
BRCA2,NM_000059.3,,c.9292T>C,p.(Tyr3098His)
BRCA2,NM_000059.3,,c.9502-12T>G,
BRCA2,NM_000059.3,,c.9634G>C,p.(Gly3212Arg)
BRCA2,NM_000059.3,,c.9648+106delT,
BRCA2,NM_000059.3,,c.9649-19G>A,
BRCA2,NM_000059.3,,c.9730G>A,p.(Val3244Ile)
BRCA2,NM_000059.3,,c.9976A>T,p.Lys3326*
BRCA2,NM_000059.3,,c.10110G>A,p.(Arg3370)
BRCA2,NM_000059.3,,c.10234A>G,p.(Ile3412Val)
BRCA2,NM_000059.3,,c.*105A>C,
BRCA1,NM_007294.3,,c.5075-120G>C,
BRCA2,NM_000059.3,,c.9976A>T,
BRCA2,NM_000059.3,,c.10023C>T,
BRCA1,NM_007294.3,,c.3804T>C,p.(Asn1268Asn)
BRCA2,NM_000059.3,,c.5901G>A,
BRCA1,NM_007294.3,,c.570C>T,
BRCA2,NM_000059.3,,c.8586A>G,
BRCA2,NM_000059.3,,c.6317T>C,
BRCA1,NM_007294.3,,c.81-12C>G,
BRCA2,NM_000059.3,,c.4772G>A,p.(Cys1591Tyr)
BRCA1,NM_007294.3,,c.981A>G,
BRCA1,NM_007294.3,,c.2733A>G,
BRCA1,NM_007294.3,,c.671-12delG,
BRCA1,NM_007294.3,,c.51T>A,
BRCA1,NM_007294.3,,c.199G>T,p.(Asp67Tyr)
BRCA1,NM_007294.3,,c.4812A>G,
BRCA2,NM_000059.3,,c.9864A>G,
BRCA2,NM_000059.3,,c.4686A>G,
