NHS Number,Forename(s),Surname,DOB,Postcode,Molecular Testing Type,Gene,RefSeq Transcript ID,Genomic Change,cDNA Change,Protein Impact,Assigned Pathogenicity Score,Sample Report Date
4049758415,Lynn,HIGGOTT,21/12/70,LE10 1HF,Diagnosis,BRCA1,NM_007294.3,,c.981_982delAT,p.(Cys328*),5,22/07/13
4060046329,Gayle,WARD,26/01/69,LE10 2TY,Presymptomatic,BRCA1,NM_007294.3,,c.981_982delAT,p.(Cys328*),5,04/09/13
4124595824,Diane,BIDDULPH,30/08/69,TF2 9TL,Presymptomatic,BRCA1,NM_007294.3,,c.1892dupT,p.(Ser632Lysfs*4),5,08/10/13
4127855932,Matthew,PADLEY,06/07/84,WV7 3EX,Presymptomatic MLPA,BRCA1,NM_007294.3,,Dup Exon(s) 13,,5,18/09/13
4184869602,Christian,CORBETT,24/03/74,CV9 3QH,Presymptomatic,BRCA1,NM_007294.3,,c.4065_4068delTCAA,p.(Asn1355Lysfs*10),5,07/10/13
4186181861,Philip,WOOD,03/08/90,CV3 5NT,Indirect testing,BRCA2,NM_000059.3,,c.7762_7764delATAinsTT,p.(Ile2588Phefs*60),5,09/10/13
4187032233,Sharonjit Kaur,NIJJAR,09/06/84,CV34 6FF,Presymptomatic,BRCA1,NM_007294.3,,c.134+1G>A,,5,22/11/13
4203676045,Irene,HOLLANDS,12/12/30,B93 9PW,Diagnosis,BRCA1,NM_007294.3,,c.3331_3334delCAAG,p.(Gln1111Asnfs*5),5,05/06/13
4244637265,Brian,ADAMS,10/03/34,LE10 2BG,Presymptomatic,BRCA1,NM_007294.3,,c.981_982delAT,p.(Cys328*),5,22/08/13
4246525995,Charlotte,ATKIN,08/11/70,B34 6TX,Presymptomatic,BRCA2,NM_000059.3,,c.8585dupT,p.(Glu2863Argfs*6),5,27/03/13
4263391624,Samantha,MCDONNELL,30/11/73,B37 5PG,Diagnosis,BRCA2,NM_000059.3,,c.1409A>C,p.(Glu470Ala),3,10/04/13
4283307831,Simon,PHILPOTT,06/04/81,CV37 7PR,Presymptomatic,BRCA2,NM_000059.3,,c.5946delT,p.(Ser1982fs*22),5,11/12/13
4285452537,Sian,ANDREWS,17/01/66,DY13 9GG,Presymptomatic,BRCA2,NM_000059.3,,c.6980delT,p.(Leu2327*),5,05/06/13
4289703178,Amanda,WILLIAMS,17/12/78,SY12 0LZ,Presymptomatic,BRCA2,NM_000059.3,,c.4478_4481delAAAG,p.(Glu1493Valfs*10),5,10/01/13
4380876292,John,WILKINSON,28/10/44,DY6 9ED,Presymptomatic MLPA,BRCA1,NM_007294.3,,Dup Exon(s) 13,,5,08/01/13
4383409261,Katy,HALE,23/11/78,WS13 8DP,Presymptomatic,BRCA2,NM_000059.3,,c.6052_6053delAG,p.(Ser2018*),5,04/06/13
4444398655,Sharon,WEBB,22/08/66,SY11 4LX,Diagnosis,BRCA1,NM_007294.3,,c.4625C>G,p.(Ser1542Cys),3,15/08/13
4465052715,John,THOMPSON,14/05/54,CV2 2AB,Presymptomatic,BRCA2,NM_000059.3,,c.8167G>C,p.(Asp2723His),5,21/06/13
4465248733,Susan,COULSON,04/08/54,B27 7XS,Diagnosis,BRCA1,NM_007294.3,,c.4065_4068delTCAA,p.(Asn1355Lysfs*10),5,03/05/13
4465572824,Jeanette,LAWRENCE,08/09/55,CV37 7DF,Diagnosis,BRCA2,NM_000059.3,,c.2808_2811delACAA,p.(Ala938Profs*21),5,14/06/13
4465670710,Dorothy E,MANEFFA,14/01/56,B76 1XE,Diagnosis,BRCA2,NM_000059.3,,c.1813delA,p.(Ile605Tyrfs*9),5,09/08/13
4465873174,Susan,WOOD,30/11/56,CV34 5LQ,Diagnosis,BRCA1,NM_007294.3,,c.5207T>C,p.(Val1736Ala),5,12/07/13
4466298173,Kathleen,HARVEY,01/12/58,HR9 6BN,Diagnosis,BRCA2,NM_000059.3,,c.8167G>C,p.(Asp2723His),5,15/01/13
4466303983,Gillian,ROGERS,03/10/57,WS15 4BZ,Diagnosis,BRCA1,NM_007294.3,,Dup Exon(s) 13,,5,10/06/13
4467493395,David,RYAN,13/11/51,TF10 7ED,Presymptomatic,BRCA1,NM_007294.3,,c.4524G>A,p.(Trp1508*),5,02/10/13
4480163484,Jennifer,TAYLOR,14/05/53,TF1 6QH,Diagnosis,BRCA2,NM_000059.3,,c.8063T>C,p.(Leu2688Pro),3,17/12/13
4483656546,Iris,ECCLESTON,16/05/56,ST4 8QP,Family studies,BRCA2,NM_000059.3,,c.9175A>G,p.(Lys3059Glu),3,08/04/13
4483992147,Annette,COPELAND,23/06/64,ST3 2SN,Diagnosis,BRCA2,NM_000059.3,,c.9175A>G,p.(Lys3059Glu),3,07/02/13
4487199379,Linda,JELLYMAN,10/04/54,WS2 0NP,Presymptomatic MLPA,BRCA2,NM_000059.3,,Del Exon(s) 14-16,,5,25/04/13
4487340098,Moira,BULL,22/04/55,DY6 9BT,Diagnosis,BRCA1,NM_007294.3,,c.661G>T,p.(Ala221Ser),3,02/09/13
4487665566,Helen,MANSFIELD,01/03/56,ST7 2JA,Confirmation,BRCA2,NM_000059.3,,c.3103G>T,p.(Glu1035*),5,15/07/13
4487773687,Dilys,SHELDON,04/03/56,B72 1LU,Diagnosis,BRCA2,NM_000059.3,,c.1427C>G,p.(Ser476Cys),3,01/11/13
4487773687,Dilys,SHELDON,04/03/56,B72 1LU,Diagnosis,BRCA2,NM_000059.3,,c.7263G>C,p.(Gln2421His),3,01/11/13
4522036566,Alison,HENDERSON,07/05/52,CV36 4AP,Confirmation,BRCA2,NM_000059.3,,c.8167G>C,p.(Asp2723His),5,10/06/13
4541822636,Susan,RAMSHAW,03/08/54,HR6 8NZ,Confirmation,BRCA2,NM_000059.3,,c.9382C>T,p.(Arg3128*),5,30/09/13
4542275248,Janet,HIGH,19/01/48,DY3 2PF,Diagnosis,BRCA2,NM_000059.3,,c.1427C>G,p.(Ser476Cys),3,11/02/13
4543074351,Monica,CORBETT,02/07/50,CV9 3QH,Presymptomatic,BRCA1,NM_007294.3,,c.4065_4068delTCAA,p.(Asn1355Lysfs*10),5,10/05/13
4543607074,Dorothy,ROLFE,21/03/52,SY1 2RH,Diagnosis,BRCA1,NM_007294.3,,Del Exon(s) 14-20,,5,08/05/13
4546208944,Martin,CORBETT,25/10/57,TF1 3NH,Diagnosis,BRCA2,NM_000059.3,,c.6944_6947delTAAA,p.(Ile2315Lysfs*12),5,13/02/13
4547766258,Doreen,GREGORY,31/01/49,B77 1DD,Diagnosis,BRCA2,NM_000059.3,,c.5350_5351delAA,p.(Asn1784Hisfs*2),5,22/05/13
4547808104,Sandra,FOSTER,16/09/48,WR9 0EE,Diagnosis,BRCA1,NM_007294.3,,c.1018delG,p.(Val340*),5,08/07/13
4548159959,Sandra,WILKINSON,02/04/49,B32 4DA,Diagnosis,BRCA2,NM_000059.3,,c.9155G>A,p.(Arg3052Gln),3,21/10/13
4548226133,Jacqueline,WOOD,19/09/50,WR4 9LS,Diagnosis,BRCA2,NM_000059.3,,c.5900A>G,p.(Lys1967Arg),3,12/08/13
4548443347,Bridget,BAYNHAM,15/12/51,DY11 6NB,Diagnosis,BRCA1,NM_007294.3,,Del Exon(s) 1-23,,5,07/03/13
4548491139,Peter,HARRIS,16/04/51,WR2 5RW,Indirect testing,BRCA2,NM_000059.3,,c.6980delT,p.(Leu2327*),5,13/02/13
4548516697,Philip,DUNN,10/10/52,DY1 2QD,Presymptomatic,BRCA2,NM_000059.3,,c.7069_7070delCT,p.(Leu2357Valfs*2),5,11/01/13
4548590153,Janet,CLARKE,25/11/52,WR2 6BA,Indirect testing,BRCA2,NM_000059.3,,c.6980delT,p.(Leu2327*),5,13/02/13
4548633383,Susan,RADWAY,09/01/54,WR2 5PL,Diagnosis,BRCA1,NM_007294.3,,c.1789G>A,p.(Glu597Lys),3,03/05/13
4548721630,Yvonne,CARTWRIGHT,09/03/58,DY5 1DD,Confirmation,BRCA2,NM_000059.3,,Del Exon(s) 14-16,,5,16/09/13
4561129987,Janet,CLARK,30/01/48,B79 8NH,Diagnosis,BRCA2,NM_000059.3,,c.5909C>A,p.(Ser1970*),5,17/12/13
4562294329,Timothy,MAW,25/05/51,B72 1HX,Presymptomatic,BRCA1,NM_007294.3,,c.68_69delAG,p.(Glu23Valfs*17),5,22/11/13
4584637393,Charles,MARTIN,29/04/54,WR9 7DQ,Presymptomatic,BRCA1,NM_007294.3,,c.3607C>T,p.(Arg1203*),5,22/01/13
4607953806,Karen,BAKER,08/01/54,CV37 0HW,Diagnosis,BRCA1,NM_007294.3,,c.4065_4068delTCAA,p.(Asn1355Lysfs*10),5,02/08/13
4620867470,Angela,ELLIS,19/12/60,WR6 6EF,Indirect testing,BRCA1,NM_007294.3,,c.2412G>C,p.(Gln804His),3,16/09/13
4620897345,Gina,DAVIES,26/04/62,B68 9SG,Indirect testing,BRCA1,NM_007294.3,,c.2412G>C,p.(Gln804His),3,16/09/13
4623913597,Amanda,TROMANS,28/02/74,TF8 7DT,Diagnosis,BRCA1,NM_007294.3,,c.4524G>A,p.(Trp1508*),5,02/08/13
4624299604,Andrew,RYAN,30/08/72,B62 9JX,Presymptomatic,BRCA1,NM_007294.3,,c.4524G>A,p.(Trp1508*),5,27/09/13
4646442914,Lore,REYNOLDS,19/06/39,MK7 7HD,Presymptomatic MLPA,BRCA1,NM_007294.3,,Dup Exon(s) 13,,5,08/11/13
4687348254,Ben,BLOXHAM,29/01/82,CV21 1DN,Presymptomatic,BRCA2,NM_000059.3,,c.6052_6053delAG,p.(Ser2018*),5,04/02/13
4689603804,Nicole,HAWKINS,02/04/77,B29 7NA,Presymptomatic,BRCA2,NM_000059.3,,c.2514dupA,p.(Tyr839Ilefs*42),5,07/02/13
4742162641,Valerie,HANDLEY,13/05/46,WV12 4JS,Diagnosis,BRCA1,NM_007294.3,,c.3396delC,p.(Leu1133*),5,01/02/13
4745486685,Edith,JONES,03/05/43,DY3 2PW,Confirmation,BRCA2,NM_000059.3,,Del Exon(s) 14-16,,5,03/12/13
4745508816,Anthony,MARTIN,11/05/45,WV4 4TP,Diagnosis,BRCA2,NM_000059.3,,Del Exon(s) 14-16,,5,08/05/13
4745644345,Margery,JOY,01/10/29,ST4 6EY,Diagnosis,BRCA2,NM_000059.3,,c.3680_3681delTG,p.(Leu1227Glnfs*5),5,21/10/13
4745644345,Margery,JOY,01/10/29,ST4 6EY,Diagnosis,BRCA1,NM_007294.3,,c.2798G>A,p.(Gly933Asp),3,21/10/13
4747320369,Beryl,JOHNSON,07/09/38,WS3 3RS,Presymptomatic,BRCA2,NM_000059.3,,c.9294C>G,p.(Tyr3098*),5,18/09/13
4760698000,Alison,MCINROY,13/09/64,SY10 8NB,Presymptomatic MLPA,BRCA2,NM_000059.3,,Del Exon(s) 1-2,,5,27/02/13
4761578920,Carol,SEAGER,10/01/59,CV22 6PH,Diagnosis,BRCA2,NM_000059.3,,c.2808_2811delACAA,p.(Ala938Profs*21),5,09/08/13
4764060361,Elizabeth,MOUNTSTEPHENS,20/06/64,WS13 7SW,Presymptomatic,BRCA2,NM_000059.3,,c.3847_3848delGT,p.(Val1283Lysfs*2),5,08/08/13
4788902613,Brian,WALSH,22/06/62,B63 4BP,Presymptomatic MLPA,BRCA1,NM_007294.3,,Del Exon(s) 1-12,,5,28/11/13
4823500768,Wendy,BENNETT,05/02/63,ST5 4AW,Presymptomatic,BRCA1,NM_007294.3,,c.2071delA,p.(Arg691Aspfs*10),5,11/11/13
4826892594,Susan,ALDRIDGE,08/05/60,WV12 4EN,Indirect testing,BRCA1,NM_007294.3,,c.1961dupA,p.(Tyr655Valfs*18),5,06/09/13
4827193703,Karen,PURCELL,05/03/64,DY4 0QG,Diagnosis,BRCA1,NM_007294.3,,c.4574_4575delAA,p.(Gln1525Argfs*5),5,08/05/13
4827196818,Jacqueline,CORNS,07/12/64,WV14 9RJ,Diagnosis,BRCA1,NM_007294.3,,c.1508delA,p.(Lys503Serfs*29),5,18/03/13
4827254184,Susan,DAWES,14/07/63,B71 1QS,Diagnosis,BRCA1,NM_007294.3,,c.1534C>T,p.(Leu512Phe),3,08/07/13
4827913978,Carol,JONES,12/10/60,st6 8UL,Indirect testing,BRCA2,NM_000059.3,,Del Exon(s) 1-2,,5,24/12/13
4828198091,John,JOHNSON,17/03/60,WS8 7RJ,Presymptomatic,BRCA2,NM_000059.3,,c.9294C>G,p.(Tyr3098*),5,11/10/13
4828310533,Julie,HAMMOND,25/03/64,WS3 3QN,Diagnosis,BRCA2,NM_000059.3,,c.9294C>G,p.(Tyr3098*),5,24/06/13
4828436707,Donna,CROWTHER,12/01/63,B69 3JP,Diagnosis,BRCA1,NM_007294.3,,c.4987-1G>T,,5,29/01/13
4840146659,Jane,BAINES,27/02/61,B67 5LY,Diagnosis,BRCA1,NM_007294.3,,Dup Exon(s) 13,,5,08/01/13
4840743452,Christina,ROBERTS,29/06/64,B75 7JQ,Presymptomatic,BRCA1,NM_007294.3,,c.5193+2delT,,5,11/06/13
4841319034,Anne,DOUGLAS,02/12/58,B98 9BN,Confirmation,BRCA2,NM_000059.3,,c.5682C>G,p.(Tyr1894*),5,06/02/13
4844031473,Pamela,EVANS,27/01/63,B98 7SZ,Diagnosis,BRCA1,NM_007294.3,,c.2189A>C,p.(Glu730Ala),3,01/08/13
4844785818,Kathleen,FORD,09/01/65,B48 7LZ,Diagnosis,BRCA2,NM_000059.3,,c.9159G>T,p.(Glu3053Asp),3,11/06/13
4844928996,Jayne,BLOUNT,21/09/58,DY11 5DJ,Family studies,BRCA2,NM_000059.3,,c.9329_9340del12,p.(Asn3110_Ile3113del),5,09/05/13
4845226235,Julie,MONTGOMERIE,07/06/60,CV8 2GU,Diagnosis,BRCA2,NM_000059.3,,c.2836_2837delGA,p.(Asp946Phefs*12),5,08/07/13
4845406993,Wendy,FREEMANTLE,16/12/61,B30 1LA,Diagnosis,BRCA2,NM_000059.3,,c.7069_7070delCT,p.(Leu2357Valfs*2),5,08/05/13
4845755491,Sherryl,CALLAGHAN,22/05/63,B38 0EB,Presymptomatic,BRCA2,NM_000059.3,,c.3680_3681delTG,p.(Leu1227Glnfs*5),5,19/12/13
4846031659,Mark,TURVEY,11/06/64,B34 6JB,Presymptomatic MLPA,BRCA2,NM_000059.3,,Del Exon(s) 14-16,,5,28/06/13
4846077853,Julie,NICHOLSON,24/06/64,B13 0DP,Diagnosis,BRCA1,NM_007294.3,,c.61delA,p.(Ile21Serfs*2),5,26/06/13
4846433676,Jayne,THOMPSON,31/10/63,CV2 2GS,Confirmation,BRCA2,NM_000059.3,,c.8167G>C,p.(Asp2723His),5,22/05/13
4847137248,Michele,PARFITT,10/02/62,B61 9NF,Diagnosis,BRCA2,NM_000059.3,,c.1291A>C,p.(Thr431Pro),3,09/11/13
4883312550,Eileen,BYRNE,26/07/40,CV2 5HS,Diagnosis,BRCA2,NM_000059.3,,c.1189_1190insTTAG,p.(Gln397Leufs*25),5,15/08/13
4883997340,Ian,HUTCHINSON,17/10/59,CV4 9AR,Presymptomatic,BRCA2,NM_000059.3,,c.6535_6536insA,p.(Val2179Aspfs*10),5,08/05/13
4884211545,Rhoda,GILLETT,26/01/58,B91 3YX,Diagnosis,BRCA1,NM_007294.3,,c.2722G>T,p.(Glu908*),5,05/09/13
4884466055,Vidya,DEVI,11/01/50,WV14 6AL,Presymptomatic,BRCA1,NM_007294.3,,c.668delA,p.(Lys223Argfs*11),5,02/08/13
4887923198,Janet,BELLEW,17/03/39,B31 3XX,Presymptomatic,BRCA2,NM_000059.3,,c.7069_7070delCT,p.(Leu2357Valfs*2),5,22/07/13
4888010110,Norma,BAYLISS,21/04/37,B29 7QR,Confirmation,BRCA2,NM_000059.3,,c.3680_3681delTG,,5,12/08/13
4889574107,Imran,HAKIM,06/08/81,B29 7PZ,Presymptomatic,BRCA1,NM_007294.3,,c.1360_1361delAG,p.(Ser454*),5,07/11/13
4904898052,Janet,CORR,09/08/42,WS9 8LA,Presymptomatic MLPA,BRCA1,NM_007294.3,,Dup Exon(s) 13,,5,28/01/13
4905035465,Christine,HALL,31/10/46,B23 7FL,Diagnosis,BRCA2,NM_000059.3,,c.1754delA,p.(Lys585Argfs*29),5,30/09/13
4905292948,Janet,THOMPSON,19/12/45,B35 7EP,Confirmation,BRCA2,NM_000059.3,,c.7069_7070delCT,p.(Leu2357Valfs*2),5,17/01/13
4906090109,Christine,BETTERIDGE-BARKER,16/12/46,WR5 3SS,Diagnosis,BRCA1,NM_007294.3,,c.2189A>C,p.(Glu730Ala),3,11/02/13
4907598734,Patricia,HARTOPP,10/03/43,CV3 6BJ,Diagnosis,BRCA2,NM_000059.3,,c.9380G>A,p.(Trp3127*),5,21/03/13
4907996810,Sheila,FOUNTAIN,26/06/50,CV3 2BE,Diagnosis,BRCA1,NM_007294.3,,c.5481G>A,p.(Met1827Ile),3,07/10/13
4908072205,Loraine,JUSTICE,11/03/43,CV32 7NR,Presymptomatic,BRCA2,NM_000059.3,,c.6052_6053delAG,p.(Ser2018*),5,22/01/13
4908094144,Sandra,TYLER,03/08/46,EX10 9BR,Confirmation,BRCA2,NM_000059.3,,c.9380G>A,p.(Trp3127*),5,05/09/13
4929262895,Allan,WHITE,19/08/66,B77 3AU,Presymptomatic,BRCA1,NM_007294.3,,c.3331_3334delCAAG,p.(Gln1111Asnfs*5),5,03/05/13
4949118536,Lesley,HUNTING,02/02/56,CV3 2NW,Diagnosis,BRCA2,NM_000059.3,,c.1166C>A,p.(Pro389Gln),3,14/06/13
4969387753,Heather,LILLEY,12/06/66,LD2 3BP,Diagnosis,BRCA2,NM_000059.3,,c.2808_2811delACAA,p.(Ala938Profs*21),5,23/12/13
6044537633,Jennifer,FIELD,24/02/75,HR6 8HQ,Diagnosis,BRCA2,NM_000059.3,,c.9382C>T,p.(Arg3128*),5,29/08/13
6047820670,Bridget,MCFALL,18/06/48,CV2 1JS,Presymptomatic,BRCA2,NM_000059.3,,c.5576_5579delTTAA,p.(Ile1859Lysfs*3),5,19/12/13
6048529554,Rachel,TONKS,05/07/81,TF1 5NL,Presymptomatic MLPA,BRCA2,NM_000059.3,,Del Exon(s) 14-16,,5,04/02/13
6060856438,Martin,PHIPP,12/01/79,DE14 2SF,Presymptomatic,BRCA1,NM_007294.3,,c.3331_3334delCAAG,p.(Gln1111Asnfs*5),5,31/07/13
6061167792,Sara,BILLINGHAM,22/05/67,B73 6LP,Confirmation,BRCA1,NM_007294.3,,Dup Exon(s) 13,,5,28/01/13
6062662827,Michelle,DAVIES,20/02/75,DY2 7TJ,Presymptomatic MLPA,BRCA2,NM_000059.3,,Del Exon(s) 14-16,,5,08/01/13
6063295135,Alison,BASSFORD,06/09/79,B78 1BG,Presymptomatic,BRCA2,NM_000059.3,,c.5350_5351delAA,p.(Asn1784Hisfs*2),5,04/07/13
6063306811,Iain,CORR,23/01/74,DE13 9SA,Presymptomatic MLPA,BRCA1,NM_007294.3,,Dup Exon(s) 13,,5,07/08/13
6063595406,Zoe,DUNBAR,05/05/88,WS11 7ZF,Presymptomatic MLPA,BRCA1,NM_007294.3,,Dup Exon(s) 13,,5,26/06/13
6064863706,Alison,ACTON,31/08/67,SY6 6QQ,Diagnosis,BRCA2,NM_000059.3,,c.17_18delAA,p.(Lys6Argfs*7),5,30/09/13
6066245279,Louise,HANCOCK,21/01/72,ST8 7HL,Family studies,BRCA2,NM_000059.3,,c.9175A>G,p.(Lys3059Glu),3,08/04/13
6067172895,Angela,DANIELS,17/12/70,B77 5PG,Indirect testing,BRCA1,NM_007294.3,,c.68_69delAG,p.(Glu23Valfs*17),5,07/10/13
6068526518,Amanda,MARKHAM,29/04/70,WS10 9LP,Diagnosis,BRCA2,NM_000059.3,,c.6944_6947delTAAA,p.(Ile2315Lysfs*12),5,05/07/13
6068552977,Paul,BUTLER,04/02/71,WS10 7RG,Indirect testing,BRCA1,NM_007294.3,,c.1961dupA,p.(Tyr655Valfs*18),5,30/09/13
6069027604,Karen,HOSELL,02/12/73,WS1 4NA,Presymptomatic,BRCA1,NM_007294.3,,c.3756_3759delGTCT,p.(Ser1253Argfs*10),5,14/06/13
6069367243,Jodi,SANSBURY,11/09/82,B37 6AD,Presymptomatic,BRCA1,NM_007294.3,,c.3396delC,p.(Leu1133*),5,10/06/13
6069562232,Adele,HANDLEY,18/03/68,WV13 1BE,Presymptomatic,BRCA1,NM_007294.3,,c.3396delC,p.(Leu1133*),5,12/12/13
6069895088,Amanda,BUTLER,07/03/66,CV35 9RN,Diagnosis,BRCA2,NM_000059.3,,c.7069_7070delCT,p.(Leu2357Valfs*2),5,17/10/13
6069966449,Julia,COGGINS,30/04/73,WV1 2SB,Indirect testing,BRCA2,NM_000059.3,,c.4670C>G,p.(Thr1557Ser),3,08/05/13
6070637666,Suzanne,SILCOX,24/02/76,WV5 8DW,Diagnosis,BRCA2,NM_000059.3,,c.6275_6276delTT,p.(Leu2092Profs*7),5,18/03/13
6070669096,Emma,MATTHEWS,16/02/79,WS11 9RT,Presymptomatic,BRCA1,NM_007294.3,,c.4357+6T>C,,5,20/02/13
6071045797,Deborah,JENKINS,11/12/75,B77 3HE,Presymptomatic,BRCA2,NM_000059.3,,c.5350_5351delAA,p.(Asn1784Hisfs*2),5,04/07/13
6071063426,Sarah,RAY,27/05/77,B77 1NA,Presymptomatic,BRCA2,NM_000059.3,,c.5350_5351delAA,p.(Asn1784Hisfs*2),5,04/07/13
6071100100,Rehana,AFRIDI,07/04/80,B33 8TD,Presymptomatic,BRCA2,NM_000059.3,,c.631+3A>G,,5,22/08/13
6071152895,Kelly,KENT,01/09/84,B36 0RP,Presymptomatic,BRCA1,NM_007294.3,,c.1175_1214del40,p.(Leu392Glnfs*5),5,22/07/13
6080603276,Ruby,MANN,13/07/65,B35 7EP,Confirmation,BRCA2,NM_000059.3,,c.7069_7070delCT,p.(Leu2357Valfs*2),5,17/01/13
6081337790,Joanne,CAHILL,02/07/76,WR4 9BN,Diagnosis,BRCA1,NM_007294.3,,c.5152+1G>T,,5,17/05/13
6081859479,Maxine,PURCHASE,16/02/66,DY2 0HF,Presymptomatic MLPA,BRCA2,NM_000059.3,,Del Exon(s) 14-16,,5,11/07/13
6081903966,Dawn,CARROLL,17/03/70,DE11 7NL,Confirmation,BRCA2,NM_000059.3,,Del Exon(s) 14-16,,5,29/03/13
6081991997,Victoria Louise,CERRONE,03/08/80,B76 1YD,Diagnosis,BRCA1,NM_007294.3,,c.68_69delAG,p.(Glu23Valfs*17),5,08/08/13
6082001206,Katie,BEVAN,13/06/82,B74 3HD,Presymptomatic,BRCA2,NM_000059.3,,c.26delC,p.(Pro9Glnfs*16),5,04/06/13
6082079388,Elizabeth,SANDERS,20/04/89,B38 8RL,Presymptomatic,BRCA2,NM_000059.3,,c.6052_6053delAG,p.(Ser2018*),5,23/09/13
6082453468,Nicola,TOLEN,18/02/73,B62 0BE,Presymptomatic,BRCA2,NM_000059.3,,c.5116_5119delAATA,p.(Asn1706Leufs*5),5,30/04/13
6082475089,Natalie,KELLY,28/07/75,CV7 7RA,Presymptomatic,BRCA2,NM_000059.3,,c.2808_2811delACAA,p.(Ala938Profs*21),5,27/09/13
6083195837,Emily,THORPE,28/03/86,B31 2PP,Presymptomatic,BRCA2,NM_000059.3,,c.5073dupA,p.(Trp1692Metfs*3),5,04/09/13
6083632536,Stuart,BEASLEY,21/08/76,B97 5YS,Presymptomatic MLPA,BRCA2,NM_000059.3,,Del Exon(s) 14-16,,5,08/08/13
6083656877,Serena,SHANDLEY,29/08/79,B35 6JP,Confirmation,BRCA1,NM_007294.3,,Del Exon(s) 13,,5,05/07/13
6083912350,Whitney,SNAPE,05/07/74,B69 1NT,Presymptomatic,BRCA2,NM_000059.3,,c.6082_6086delGAAGA,p.(Glu2028Lysfs*19),5,04/10/13
6084444962,Lydia,SNAPE,28/07/70,B18 7DD,Diagnosis,BRCA2,NM_000059.3,,c.6082_6086delGAAGA,p.(Glu2028Lysfs*19),5,19/04/13
6084465315,Michelle,BURFORD,13/05/65,B97 6SE,Diagnosis,BRCA2,NM_000059.3,,c.9294C>G,p.(Tyr3098*),5,17/12/13
6085007779,Jane,QUINN,23/10/72,CV1 4RG,Presymptomatic,BRCA2,NM_000059.3,,c.9380G>A,p.(Trp3127*),5,03/05/13
6085121040,Aruna,PATEL,18/11/83,CV3 5GR,Presymptomatic,BRCA1,NM_007294.3,,c.2709T>A,p.(Cys903*),5,27/09/13
6085135211,Amy,THACKER,10/02/84,CV5 6JA,Diagnosis,BRCA2,NM_000059.3,,c.5282G>A,p.(Gly1761Glu),3,17/04/13
6085481942,Craig,WOOD,13/01/82,CV5 9QD,Indirect testing,BRCA2,NM_000059.3,,c.7762_7764delATAinsTT,p.(Ile2588Phefs*60),5,09/10/13
6085699271,Richard,HARTOPP,26/03/69,CV5 6GR,Presymptomatic,BRCA2,NM_000059.3,,c.9380G>A,p.(Trp3127*),5,07/05/13
6086125848,Fawn,WOOLLER,20/07/88,CV8 2JQ,Presymptomatic,BRCA1,NM_007294.3,,c.5266dupC,p.(Gln1756Profs*74),5,08/08/13
6086498067,Parminder,JALAF,29/09/77,B1 3DB,Diagnosis,BRCA1,NM_007294.3,,c.3770_3771delAG,p.(Glu1257Glyfs*9),5,14/03/13
6086498067,Parminder,JALAF,29/09/77,B1 3DB,Diagnosis,BRCA2,NM_000059.3,,c.3882A>T,p.(Leu1294Phe),3,14/03/13
6086582610,Naomi,EARDLEY,08/02/80,B66 4AE,Diagnosis,BRCA2,NM_000059.3,,c.8247_8248delGA,p.(Lys2750Aspfs*13),5,20/02/13
6086787417,Daniel,TASEWYCH,16/01/87,B31 1AH,Presymptomatic,BRCA1,NM_007294.3,,c.3869_3870delAA,p.(Lys1290Metfs*4),5,03/04/13
6087181008,Lisa,SMITH,10/03/75,B77 4JY,Presymptomatic,BRCA2,NM_000059.3,,c.5350_5351delAA,p.(Asn1784Hisfs*2),5,12/07/13
6087229337,Fiona,MCGOLDRICK,18/05/72,B30 3AB,Diagnosis,BRCA1,NM_007294.3,,c.2298dupT,p.(Ser767*),5,17/01/13
6087571949,Kathryn,FLETCHER,05/02/65,CV23 8BH,Confirmation,BRCA2,NM_000059.3,,c.7806-2A>T,,5,08/05/13
6088047550,Kathryn,SHEAD,27/10/92,B77 2UA,Presymptomatic,BRCA1,NM_007294.3,,c.3767_3768delCA,p.(Thr1256Argfs*10),5,30/04/13
6088372117,Jonathan,SEAGER,12/12/87,CV21 1AE,Presymptomatic,BRCA2,NM_000059.3,,c.2808_2811delACAA,p.(Ala938Profs*21),5,07/11/13
6089214175,Serena,DAY,18/08/89,WV6 0TW,Presymptomatic,BRCA1,NM_007294.3,,c.3770_3771delAG,p.(Glu1257Glyfs*9),5,02/10/13
6089316032,Alexandra,MONTGOMERIE,30/12/89,CV32 7HZ,Presymptomatic,BRCA2,NM_000059.3,,c.2836_2837delGA,p.(Asp946Phefs*12),5,28/10/13
6089541672,Tracy,SAWBRIDGE,27/07/65,DE11 7PX,Diagnosis,BRCA1,NM_007294.3,,Del Exon(s) 21-24,,5,15/02/13
6089784745,Rachel,TERRY,07/07/72,B76 2UG,Diagnosis,BRCA2,NM_000059.3,,c.9924C>G,p.(Tyr3308*),5,09/08/13
6090073636,Cassandra,WOOD,07/03/78,CV34 6DX,Family studies,BRCA1,NM_007294.3,,c.5207T>C,p.(Val1736Ala),5,09/08/13
6090181269,Sarah,PRIEST,05/08/83,TF10 7ED,Presymptomatic,BRCA1,NM_007294.3,,c.4524G>A,p.(Trp1508*),5,19/09/13
6090359270,Kayleigh,WOOD,09/10/85,CV34 5LQ,Presymptomatic,BRCA1,NM_007294.3,,c.5207T>C,p.(Val1736Ala),5,05/09/13
6090840904,Stephen,PITT,05/07/75,B98 7PF,Presymptomatic,BRCA2,NM_000059.3,,c.6408_6414del7,p.(Asn2137Lysfs*29),5,04/11/13
6091171445,Caroline,PARRY,23/10/69,WR11 8NQ,Diagnosis,BRCA1,NM_007294.3,,c.3756_3759delGTCT,p.(Ser1253Argfs*10),5,19/07/13
6105813279,Claire,WOODING,03/09/74,WR5 1QN,Presymptomatic,BRCA2,NM_000059.3,,c.6588_6589delAA,p.(Lys2196Asnfs*2),5,22/08/13
6105840160,David,WYTCHERLEY,27/02/77,WR1 1QG,Presymptomatic,BRCA2,NM_000059.3,,c.6588_6589delAA,p.(Lys2196Asnfs*2),5,23/09/13
6106283095,Sarah,JORDAN,27/07/79,DY11 5QF,Presymptomatic MLPA,BRCA1,NM_007294.3,,Del Exon(s) 1-23,,5,22/04/13
6106481326,Rosalind,MARTIN,13/10/92,WR9 8UE,Presymptomatic,BRCA1,NM_007294.3,,c.3607C>T,p.(Arg1203*),5,12/08/13
6127846323,Katie,MARSHALL,09/09/82,WR6 6PZ,Diagnosis,BRCA2,NM_000059.3,,c.6821G>T,p.(Gly2274Val),3,02/09/13
6149459276,Mandy,BROWN,15/07/71,CV23 0LS,Diagnosis,BRCA1,NM_007294.3,,c.3700_3704delGTAAA,p.(Val1234Glnfs*8),5,26/04/13
6162201481,Aileen,BILLS,02/04/77,DY8 1BJ,Diagnosis,BRCA1,NM_007294.3,,c.5332+1G>A,,5,08/05/13
6243496961,Phyllis,IVERS,24/06/47,W3 7SL,Presymptomatic,BRCA2,NM_000059.3,,c.7977-1G>C,,5,19/11/13
6247443544,Darrol,NICHOLSON,23/08/83,B29 7QE,Presymptomatic,BRCA1,NM_007294.3,,c.61delA,p.(Ile21Serfs*2),5,11/12/13
6248917752,Leah,DERHAM-BOYCE,27/02/92,ST10 1QS,Presymptomatic,BRCA1,NM_007294.3,,c.2552_2553delAA,p.(Glu851Alafs*2),5,21/06/13
6250760989,Rasheeda,AL-AIDAROUS,29/09/68,B24 8QS,Diagnosis,BRCA2,NM_000059.3,,c.8117A>G,p.(Asn2706Ser),3,10/01/13
6251468262,Sharon,COX,18/03/71,DE13 0SY,Diagnosis,BRCA1,NM_007294.3,,c.3331_3334delCAAG,p.(Gln1111Asnfs*5),5,23/05/13
6261048983,Linda,DERHAM,11/08/70,ST10 1QS,Presymptomatic,BRCA1,NM_007294.3,,c.2552_2553delAA,p.(Glu851Alafs*2),5,15/04/13
6261251975,Daniela,NANOVA,03/05/55,TF10 7QJ,Indirect testing,BRCA2,NM_000059.3,,c.8242_8245dupGGTC,p.(Gln2749Argfs*16),5,10/12/13
6268779886,Carol,PHIPP,23/12/51,DE15 9NU,Confirmation,BRCA1,NM_007294.3,,c.3331_3334delCAAG,p.(Gln1111Asnfs*5),5,19/11/13
6287292040,Madhusri,DUTTA,10/04/52,CV5 6QQ,Diagnosis,BRCA1,NM_007294.3,,c.2076_2080delTGACA,p.(His692Glnfs*18),5,10/10/13
6307545240,Natalie,SLATER,08/09/77,CV47 2YQ,Presymptomatic,BRCA2,NM_000059.3,,c.6052_6053delAG,p.(Ser2018*),5,04/06/13
6393856823,Petronilla,NDLOVU,04/11/66,B90 4ST,Diagnosis,BRCA2,NM_000059.3,,c.7177dupA,p.(Met2393Asnfs*19),5,16/04/13
6488977172,Manuela,KEMSIES,10/12/75,WR9 8DB,Diagnosis,BRCA1,NM_007294.3,,c.5266dupC,p.(Gln1756Profs*74),5,06/03/13
6493153905,Diane,SINCLAIR,12/08/43,CV35 8DS,Diagnosis,BRCA2,NM_000059.3,,c.2330A>G,p.(Asp777Gly),3,07/03/13
6496346518,Elinah,MHLANGA,09/10/71,DY2 8JY,Diagnosis,BRCA1,NM_007294.3,,c.1427A>G,p.(His476Arg),3,07/10/13
